Angle,PSD
5.0001,38
5.01543,48
5.03076,43
5.0461,40
5.06143,46
5.07676,38
5.09209,41
5.10742,35
5.12276,36
5.13809,39
5.15342,38
5.16875,25
5.18408,49
5.19942,28
5.21475,25
5.23008,29
5.24541,27
5.26075,48
5.27608,39
5.29141,35
5.30674,48
5.32207,43
5.33741,29
5.35274,32
5.36807,32
5.3834,30
5.39873,39
5.41407,29
5.4294,38
5.44473,29
5.46006,35
5.47539,22
5.49073,41
5.50606,40
5.52139,31
5.53672,33
5.55205,34
5.56739,35
5.58272,25
5.59805,40
5.61338,20
5.62872,27
5.64405,25
5.65938,36
5.67471,26
5.69004,30
5.70538,31
5.72071,32
5.73604,23
5.75137,28
5.7667,32
5.78204,29
5.79737,32
5.8127,28
5.82803,27
5.84336,23
5.8587,31
5.87403,21
5.88936,39
5.90469,33
5.92002,32
5.93536,29
5.95069,26
5.96602,41
5.98135,30
5.99669,30
6.01202,37
6.02735,39
6.04268,22
6.05801,33
6.07335,37
6.08868,29
6.10401,26
6.11934,20
6.13467,33
6.15001,23
6.16534,26
6.18067,36
6.196,32
6.21133,20
6.22667,24
6.242,30
6.25733,26
6.27266,22
6.28799,25
6.30333,26
6.31866,34
6.33399,14
6.34932,32
6.36466,29
6.37999,24
6.39532,25
6.41065,23
6.42598,28
6.44132,29
6.45665,25
6.47198,26
6.48731,19
6.50264,17
6.51798,20
6.53331,32
6.54864,15
6.56397,25
6.5793,22
6.59464,12
6.60997,27
6.6253,23
6.64063,20
6.65596,19
6.6713,28
6.68663,23
6.70196,20
6.71729,18
6.73262,22
6.74796,29
6.76329,15
6.77862,17
6.79395,20
6.80929,16
6.82462,19
6.83995,19
6.85528,28
6.87061,17
6.88595,16
6.90128,16
6.91661,26
6.93194,14
6.94727,13
6.96261,20
6.97794,24
6.99327,31
7.0086,16
7.02393,15
7.03927,11
7.0546,27
7.06993,19
7.08526,24
7.10059,12
7.11593,13
7.13126,21
7.14659,24
7.16192,22
7.17726,17
7.19259,18
7.20792,23
7.22325,23
7.23858,17
7.25392,21
7.26925,17
7.28458,17
7.29991,22
7.31524,17
7.33058,16
7.34591,14
7.36124,7
7.37657,14
7.3919,20
7.40724,13
7.42257,16
7.4379,15
7.45323,19
7.46856,14
7.4839,23
7.49923,14
7.51456,16
7.52989,19
7.54523,12
7.56056,24
7.57589,18
7.59122,23
7.60655,10
7.62189,11
7.63722,9
7.65255,26
7.66788,13
7.68321,18
7.69855,20
7.71388,17
7.72921,13
7.74454,12
7.75987,16
7.77521,24
7.79054,12
7.80587,16
7.8212,14
7.83653,17
7.85187,19
7.8672,17
7.88253,14
7.89786,11
7.9132,8
7.92853,13
7.94386,23
7.95919,20
7.97452,18
7.98986,18
8.00519,23
8.02052,20
8.03585,19
8.05118,19
8.06652,21
8.08185,18
8.09718,19
8.11251,20
8.12784,16
8.14318,23
8.15851,16
8.17384,18
8.18917,13
8.2045,12
8.21984,20
8.23517,14
8.2505,17
8.26583,17
8.28116,23
8.2965,12
8.31183,4
8.32716,18
8.34249,18
8.35783,20
8.37316,15
8.38849,13
8.40382,18
8.41915,14
8.43449,15
8.44982,14
8.46515,10
8.48048,20
8.49581,21
8.51115,22
8.52648,13
8.54181,19
8.55714,18
8.57247,14
8.58781,20
8.60314,21
8.61847,23
8.6338,14
8.64913,16
8.66447,21
8.6798,7
8.69513,22
8.71046,18
8.7258,19
8.74113,21
8.75646,23
8.77179,22
8.78712,20
8.80246,14
8.81779,23
8.83312,18
8.84845,21
8.86378,26
8.87912,17
8.89445,21
8.90978,27
8.92511,18
8.94044,25
8.95578,26
8.97111,20
8.98644,27
9.00177,15
9.0171,25
9.03244,21
9.04777,18
9.0631,22
9.07843,18
9.09377,21
9.1091,16
9.12443,22
9.13976,17
9.15509,16
9.17043,27
9.18576,26
9.20109,18
9.21642,18
9.23175,20
9.24709,23
9.26242,15
9.27775,17
9.29308,19
9.30841,16
9.32375,25
9.33908,20
9.35441,22
9.36974,19
9.38507,30
9.40041,9
9.41574,21
9.43107,28
9.4464,19
9.46173,17
9.47707,22
9.4924,19
9.50773,15
9.52306,23
9.5384,20
9.55373,21
9.56906,26
9.58439,22
9.59972,29
9.61506,26
9.63039,18
9.64572,17
9.66105,16
9.67638,18
9.69172,29
9.70705,26
9.72238,24
9.73771,23
9.75304,22
9.76838,20
9.78371,31
9.79904,16
9.81437,19
9.8297,19
9.84504,26
9.86037,14
9.8757,19
9.89103,27
9.90637,21
9.9217,27
9.93703,35
9.95236,17
9.96769,15
9.98303,30
9.99836,21
10.0137,22
10.029,22
10.0444,23
10.0597,27
10.075,19
10.0904,20
10.1057,28
10.121,30
10.1363,24
10.1517,33
10.167,24
10.1823,18
10.1977,27
10.213,17
10.2283,25
10.2437,24
10.259,23
10.2743,28
10.2897,30
10.305,15
10.3203,24
10.3357,23
10.351,23
10.3663,23
10.3817,22
10.397,19
10.4123,21
10.4277,25
10.443,32
10.4583,29
10.4737,25
10.489,22
10.5043,31
10.5196,30
10.535,28
10.5503,21
10.5656,23
10.581,25
10.5963,28
10.6116,30
10.627,22
10.6423,36
10.6576,32
10.673,14
10.6883,31
10.7036,22
10.719,27
10.7343,27
10.7496,20
10.765,31
10.7803,30
10.7956,30
10.811,37
10.8263,37
10.8416,23
10.857,42
10.8723,27
10.8876,30
10.903,33
10.9183,33
10.9336,34
10.9489,30
10.9643,27
10.9796,38
10.9949,35
11.0103,70
11.0256,55
11.0409,71
11.0563,104
11.0716,163
11.0869,223
11.1023,247
11.1176,287
11.1329,283
11.1483,352
11.1636,555
11.1789,944
11.1943,992
11.2096,620
11.2249,413
11.2403,142
11.2556,70
11.2709,44
11.2863,47
11.3016,53
11.3169,37
11.3322,43
11.3476,40
11.3629,29
11.3782,38
11.3936,27
11.4089,40
11.4242,35
11.4396,23
11.4549,34
11.4702,34
11.4856,33
11.5009,32
11.5162,26
11.5316,24
11.5469,32
11.5622,33
11.5776,27
11.5929,26
11.6082,24
11.6236,28
11.6389,30
11.6542,29
11.6696,33
11.6849,26
11.7002,23
11.7156,25
11.7309,31
11.7462,28
11.7615,37
11.7769,32
11.7922,32
11.8075,17
11.8229,22
11.8382,27
11.8535,25
11.8689,26
11.8842,36
11.8995,37
11.9149,22
11.9302,28
11.9455,34
11.9609,21
11.9762,25
11.9915,34
12.0069,26
12.0222,37
12.0375,29
12.0529,27
12.0682,34
12.0835,26
12.0989,33
12.1142,17
12.1295,41
12.1448,29
12.1602,30
12.1755,28
12.1908,23
12.2062,32
12.2215,30
12.2368,36
12.2522,27
12.2675,39
12.2828,26
12.2982,27
12.3135,32
12.3288,18
12.3442,29
12.3595,24
12.3748,33
12.3902,26
12.4055,30
12.4208,36
12.4362,26
12.4515,23
12.4668,25
12.4822,19
12.4975,25
12.5128,26
12.5282,27
12.5435,24
12.5588,29
12.5741,21
12.5895,25
12.6048,31
12.6201,24
12.6355,28
12.6508,28
12.6661,22
12.6815,34
12.6968,21
12.7121,28
12.7275,23
12.7428,32
12.7581,31
12.7735,21
12.7888,22
12.8041,18
12.8195,26
12.8348,36
12.8501,27
12.8655,30
12.8808,21
12.8961,24
12.9115,25
12.9268,26
12.9421,31
12.9574,27
12.9728,28
12.9881,26
13.0034,33
13.0188,23
13.0341,20
13.0494,30
13.0648,19
13.0801,25
13.0954,26
13.1108,25
13.1261,21
13.1414,25
13.1568,24
13.1721,24
13.1874,34
13.2028,25
13.2181,23
13.2334,19
13.2488,20
13.2641,32
13.2794,29
13.2948,25
13.3101,32
13.3254,34
13.3408,26
13.3561,24
13.3714,21
13.3867,27
13.4021,23
13.4174,25
13.4327,18
13.4481,22
13.4634,13
13.4787,25
13.4941,23
13.5094,32
13.5247,19
13.5401,21
13.5554,25
13.5707,23
13.5861,27
13.6014,27
13.6167,21
13.6321,16
13.6474,19
13.6627,27
13.6781,17
13.6934,44
13.7087,27
13.7241,21
13.7394,25
13.7547,31
13.77,22
13.7854,21
13.8007,42
13.816,40
13.8314,31
13.8467,40
13.862,24
13.8774,32
13.8927,44
13.908,38
13.9234,36
13.9387,29
13.954,30
13.9694,32
13.9847,28
14,30
14.0154,31
14.0307,31
14.046,32
14.0614,23
14.0767,22
14.092,30
14.1074,20
14.1227,28
14.138,21
14.1534,24
14.1687,20
14.184,28
14.1993,29
14.2147,22
14.23,23
14.2453,20
14.2607,21
14.276,30
14.2913,29
14.3067,29
14.322,39
14.3373,16
14.3527,25
14.368,19
14.3833,27
14.3987,25
14.414,28
14.4293,32
14.4447,17
14.46,22
14.4753,24
14.4907,35
14.506,24
14.5213,28
14.5367,21
14.552,18
14.5673,24
14.5826,19
14.598,19
14.6133,24
14.6286,41
14.644,32
14.6593,26
14.6746,32
14.69,33
14.7053,35
14.7206,36
14.736,28
14.7513,25
14.7666,21
14.782,26
14.7973,25
14.8126,34
14.828,32
14.8433,22
14.8586,24
14.874,27
14.8893,27
14.9046,33
14.92,22
14.9353,15
14.9506,33
14.966,24
14.9813,29
14.9966,30
15.0119,23
15.0273,27
15.0426,29
15.0579,21
15.0733,25
15.0886,23
15.1039,27
15.1193,26
15.1346,24
15.1499,17
15.1653,33
15.1806,23
15.1959,15
15.2113,26
15.2266,17
15.2419,28
15.2573,22
15.2726,19
15.2879,17
15.3033,15
15.3186,31
15.3339,16
15.3493,20
15.3646,21
15.3799,21
15.3952,19
15.4106,29
15.4259,25
15.4412,31
15.4566,27
15.4719,18
15.4872,24
15.5026,16
15.5179,27
15.5332,18
15.5486,20
15.5639,21
15.5792,26
15.5946,27
15.6099,20
15.6252,21
15.6406,17
15.6559,28
15.6712,28
15.6866,31
15.7019,26
15.7172,19
15.7326,26
15.7479,22
15.7632,30
15.7786,20
15.7939,32
15.8092,27
15.8245,29
15.8399,28
15.8552,20
15.8705,33
15.8859,17
15.9012,35
15.9165,23
15.9319,26
15.9472,23
15.9625,17
15.9779,28
15.9932,25
16.0085,20
16.0239,25
16.0392,23
16.0545,29
16.0699,18
16.0852,22
16.1005,25
16.1159,22
16.1312,25
16.1465,23
16.1619,25
16.1772,32
16.1925,18
16.2078,21
16.2232,20
16.2385,29
16.2538,31
16.2692,27
16.2845,12
16.2998,26
16.3152,26
16.3305,24
16.3458,14
16.3612,26
16.3765,19
16.3918,20
16.4072,16
16.4225,18
16.4378,17
16.4532,24
16.4685,8
16.4838,26
16.4992,18
16.5145,16
16.5298,12
16.5452,20
16.5605,24
16.5758,28
16.5912,31
16.6065,20
16.6218,23
16.6371,20
16.6525,21
16.6678,29
16.6831,16
16.6985,26
16.7138,22
16.7291,30
16.7445,31
16.7598,23
16.7751,19
16.7905,25
16.8058,22
16.8211,20
16.8365,21
16.8518,16
16.8671,20
16.8825,24
16.8978,16
16.9131,27
16.9285,26
16.9438,22
16.9591,28
16.9745,14
16.9898,24
17.0051,21
17.0204,16
17.0358,25
17.0511,18
17.0664,22
17.0818,25
17.0971,21
17.1124,23
17.1278,20
17.1431,22
17.1584,15
17.1738,24
17.1891,16
17.2044,24
17.2198,32
17.2351,21
17.2504,21
17.2658,20
17.2811,20
17.2964,26
17.3118,21
17.3271,19
17.3424,22
17.3578,30
17.3731,19
17.3884,19
17.4038,20
17.4191,17
17.4344,20
17.4497,23
17.4651,23
17.4804,21
17.4957,25
17.5111,18
17.5264,23
17.5417,26
17.5571,22
17.5724,21
17.5877,23
17.6031,26
17.6184,14
17.6337,26
17.6491,15
17.6644,25
17.6797,29
17.6951,21
17.7104,27
17.7257,30
17.7411,45
17.7564,44
17.7717,26
17.7871,36
17.8024,35
17.8177,49
17.8331,36
17.8484,32
17.8637,36
17.879,31
17.8944,28
17.9097,28
17.925,23
17.9404,21
17.9557,25
17.971,25
17.9864,20
18.0017,32
18.017,27
18.0324,28
18.0477,25
18.063,22
18.0784,23
18.0937,24
18.109,22
18.1244,31
18.1397,23
18.155,30
18.1704,29
18.1857,22
18.201,26
18.2164,18
18.2317,16
18.247,18
18.2623,17
18.2777,18
18.293,18
18.3083,26
18.3237,17
18.339,20
18.3543,21
18.3697,18
18.385,32
18.4003,25
18.4157,22
18.431,20
18.4463,18
18.4617,20
18.477,24
18.4923,20
18.5077,14
18.523,19
18.5383,28
18.5537,26
18.569,19
18.5843,16
18.5997,20
18.615,27
18.6303,19
18.6457,26
18.661,21
18.6763,32
18.6916,17
18.707,28
18.7223,16
18.7376,20
18.753,20
18.7683,25
18.7836,25
18.799,26
18.8143,26
18.8296,15
18.845,22
18.8603,23
18.8756,19
18.891,17
18.9063,12
18.9216,21
18.937,20
18.9523,25
18.9676,23
18.983,20
18.9983,24
19.0136,23
19.029,28
19.0443,22
19.0596,30
19.0749,25
19.0903,33
19.1056,31
19.1209,31
19.1363,44
19.1516,62
19.1669,106
19.1823,147
19.1976,151
19.2129,125
19.2283,177
19.2436,248
19.2589,300
19.2743,233
19.2896,180
19.3049,131
19.3203,118
19.3356,75
19.3509,52
19.3663,28
19.3816,38
19.3969,34
19.4123,31
19.4276,38
19.4429,37
19.4583,36
19.4736,35
19.4889,32
19.5042,31
19.5196,39
19.5349,32
19.5502,25
19.5656,27
19.5809,24
19.5962,28
19.6116,16
19.6269,33
19.6422,27
19.6576,21
19.6729,21
19.6882,27
19.7036,23
19.7189,16
19.7342,27
19.7496,26
19.7649,23
19.7802,16
19.7956,21
19.8109,22
19.8262,25
19.8416,26
19.8569,21
19.8722,29
19.8875,18
19.9029,17
19.9182,31
19.9335,27
19.9489,21
19.9642,24
19.9795,20
19.9949,24
20.0102,29
20.0255,28
20.0409,23
20.0562,26
20.0715,18
20.0869,32
20.1022,12
20.1175,29
20.1329,26
20.1482,13
20.1635,20
20.1789,26
20.1942,29
20.2095,22
20.2249,26
20.2402,28
20.2555,23
20.2709,20
20.2862,25
20.3015,14
20.3168,15
20.3322,26
20.3475,19
20.3628,28
20.3782,27
20.3935,19
20.4088,22
20.4242,29
20.4395,23
20.4548,27
20.4702,37
20.4855,22
20.5008,30
20.5162,35
20.5315,24
20.5468,27
20.5622,32
20.5775,36
20.5928,29
20.6082,25
20.6235,17
20.6388,15
20.6542,26
20.6695,32
20.6848,33
20.7001,29
20.7155,25
20.7308,25
20.7461,26
20.7615,24
20.7768,24
20.7921,28
20.8075,48
20.8228,40
20.8381,39
20.8535,39
20.8688,34
20.8841,34
20.8995,38
20.9148,41
20.9301,37
20.9455,37
20.9608,32
20.9761,24
20.9915,26
21.0068,19
21.0221,16
21.0375,30
21.0528,17
21.0681,24
21.0835,21
21.0988,20
21.1141,19
21.1294,27
21.1448,20
21.1601,18
21.1754,22
21.1908,20
21.2061,34
21.2214,19
21.2368,16
21.2521,26
21.2674,25
21.2828,21
21.2981,23
21.3134,23
21.3288,37
21.3441,19
21.3594,21
21.3748,24
21.3901,29
21.4054,23
21.4208,35
21.4361,25
21.4514,26
21.4668,22
21.4821,23
21.4974,25
21.5127,26
21.5281,31
21.5434,28
21.5587,25
21.5741,29
21.5894,26
21.6047,33
21.6201,22
21.6354,19
21.6507,33
21.6661,16
21.6814,30
21.6967,23
21.7121,35
21.7274,30
21.7427,36
21.7581,29
21.7734,33
21.7887,25
21.8041,33
21.8194,32
21.8347,38
21.8501,38
21.8654,43
21.8807,41
21.8961,46
21.9114,53
21.9267,42
21.942,42
21.9574,39
21.9727,42
21.988,50
22.0034,41
22.0187,49
22.034,32
22.0494,36
22.0647,58
22.08,86
22.0954,81
22.1107,53
22.126,49
22.1414,68
22.1567,47
22.172,36
22.1874,44
22.2027,45
22.218,56
22.2334,64
22.2487,71
22.264,110
22.2794,202
22.2947,311
22.31,358
22.3253,314
22.3407,374
22.356,546
22.3713,998
22.3867,1377
22.402,850
22.4173,513
22.4327,610
22.448,653
22.4633,323
22.4787,116
22.494,91
22.5093,72
22.5247,53
22.54,46
22.5553,36
22.5707,57
22.586,44
22.6013,49
22.6167,33
22.632,33
22.6473,36
22.6627,39
22.678,30
22.6933,36
22.7087,46
22.724,34
22.7393,34
22.7546,36
22.77,43
22.7853,30
22.8006,30
22.816,31
22.8313,31
22.8466,39
22.862,27
22.8773,21
22.8926,38
22.908,34
22.9233,27
22.9386,33
22.954,48
22.9693,45
22.9846,33
23,29
23.0153,29
23.0306,33
23.046,34
23.0613,36
23.0766,24
23.092,45
23.1073,33
23.1226,46
23.1379,44
23.1533,31
23.1686,33
23.1839,32
23.1993,30
23.2146,35
23.2299,41
23.2453,25
23.2606,33
23.2759,31
23.2913,25
23.3066,33
23.3219,33
23.3373,47
23.3526,35
23.3679,37
23.3833,25
23.3986,40
23.4139,34
23.4293,43
23.4446,27
23.4599,19
23.4753,27
23.4906,45
23.5059,37
23.5213,24
23.5366,48
23.5519,26
23.5672,34
23.5826,42
23.5979,23
23.6132,34
23.6286,36
23.6439,41
23.6592,45
23.6746,41
23.6899,35
23.7052,35
23.7206,41
23.7359,50
23.7512,37
23.7666,42
23.7819,37
23.7972,36
23.8126,42
23.8279,55
23.8432,40
23.8586,56
23.8739,63
23.8892,72
23.9046,64
23.9199,73
23.9352,65
23.9505,59
23.9659,48
23.9812,61
23.9965,67
24.0119,56
24.0272,72
24.0425,54
24.0579,67
24.0732,57
24.0885,67
24.1039,63
24.1192,63
24.1345,75
24.1499,84
24.1652,53
24.1805,65
24.1959,53
24.2112,54
24.2265,61
24.2419,57
24.2572,39
24.2725,60
24.2879,56
24.3032,46
24.3185,42
24.3339,47
24.3492,44
24.3645,47
24.3798,45
24.3952,42
24.4105,37
24.4258,43
24.4412,46
24.4565,50
24.4718,58
24.4872,59
24.5025,47
24.5178,55
24.5332,41
24.5485,54
24.5638,47
24.5792,75
24.5945,59
24.6098,64
24.6252,52
24.6405,57
24.6558,67
24.6712,79
24.6865,53
24.7018,72
24.7172,74
24.7325,69
24.7478,88
24.7631,103
24.7785,120
24.7938,121
24.8091,162
24.8245,193
24.8398,291
24.8551,467
24.8705,734
24.8858,1176
24.9011,1507
24.9165,1545
24.9318,2014
24.9471,3153
24.9625,4455
24.9778,4798
24.9931,3010
25.0085,2062
25.0238,2292
25.0391,2447
25.0545,1464
25.0698,678
25.0851,337
25.1005,277
25.1158,215
25.1311,185
25.1465,181
25.1618,187
25.1771,183
25.1924,161
25.2078,188
25.2231,207
25.2384,190
25.2538,173
25.2691,139
25.2844,140
25.2998,137
25.3151,134
25.3304,120
25.3458,105
25.3611,103
25.3764,104
25.3918,100
25.4071,79
25.4224,87
25.4378,55
25.4531,70
25.4684,65
25.4838,70
25.4991,58
25.5144,50
25.5298,62
25.5451,60
25.5604,54
25.5758,68
25.5911,67
25.6064,58
25.6217,45
25.6371,54
25.6524,63
25.6677,74
25.6831,60
25.6984,59
25.7137,60
25.7291,62
25.7444,61
25.7597,63
25.7751,62
25.7904,74
25.8057,69
25.8211,58
25.8364,62
25.8517,66
25.8671,79
25.8824,85
25.8977,80
25.9131,70
25.9284,103
25.9437,109
25.9591,115
25.9744,150
25.9897,173
26.005,253
26.0204,380
26.0357,637
26.051,904
26.0664,1165
26.0817,1380
26.097,1794
26.1124,2525
26.1277,3496
26.143,3788
26.1584,2792
26.1737,1881
26.189,1764
26.2044,1904
26.2197,1532
26.235,742
26.2504,382
26.2657,245
26.281,196
26.2964,159
26.3117,159
26.327,135
26.3424,132
26.3577,113
26.373,90
26.3884,93
26.4037,87
26.419,103
26.4343,59
26.4497,70
26.465,71
26.4803,64
26.4957,66
26.511,46
26.5263,57
26.5417,74
26.557,66
26.5723,52
26.5877,50
26.603,59
26.6183,62
26.6337,65
26.649,50
26.6643,66
26.6797,64
26.695,88
26.7103,79
26.7257,69
26.741,57
26.7563,50
26.7717,59
26.787,51
26.8023,57
26.8176,64
26.833,62
26.8483,54
26.8636,47
26.879,62
26.8943,70
26.9096,51
26.925,50
26.9403,50
26.9556,43
26.971,34
26.9863,48
27.0016,47
27.017,50
27.0323,45
27.0476,63
27.063,37
27.0783,37
27.0936,47
27.109,40
27.1243,52
27.1396,49
27.155,47
27.1703,49
27.1856,44
27.201,55
27.2163,43
27.2316,44
27.2469,39
27.2623,43
27.2776,46
27.2929,30
27.3083,36
27.3236,41
27.3389,41
27.3543,42
27.3696,33
27.3849,44
27.4003,36
27.4156,43
27.4309,46
27.4463,41
27.4616,39
27.4769,45
27.4923,35
27.5076,46
27.5229,43
27.5383,39
27.5536,46
27.5689,37
27.5843,39
27.5996,49
27.6149,48
27.6302,43
27.6456,55
27.6609,43
27.6762,43
27.6916,39
27.7069,41
27.7222,42
27.7376,41
27.7529,42
27.7682,40
27.7836,38
27.7989,49
27.8142,30
27.8296,25
27.8449,37
27.8602,40
27.8756,46
27.8909,38
27.9062,44
27.9216,41
27.9369,44
27.9522,47
27.9676,35
27.9829,47
27.9982,40
28.0136,52
28.0289,34
28.0442,36
28.0595,37
28.0749,24
28.0902,47
28.1055,38
28.1209,39
28.1362,47
28.1515,35
28.1669,35
28.1822,40
28.1975,32
28.2129,36
28.2282,30
28.2435,39
28.2589,38
28.2742,36
28.2895,28
28.3049,36
28.3202,48
28.3355,46
28.3509,51
28.3662,54
28.3815,81
28.3969,106
28.4122,129
28.4275,115
28.4428,151
28.4582,215
28.4735,287
28.4888,223
28.5042,169
28.5195,151
28.5348,141
28.5502,147
28.5655,105
28.5808,84
28.5962,49
28.6115,41
28.6268,36
28.6422,35
28.6575,36
28.6728,31
28.6882,29
28.7035,25
28.7188,31
28.7342,33
28.7495,31
28.7648,36
28.7802,38
28.7955,24
28.8108,33
28.8262,43
28.8415,32
28.8568,33
28.8721,32
28.8875,39
28.9028,34
28.9181,25
28.9335,39
28.9488,41
28.9641,40
28.9795,24
28.9948,36
29.0101,27
29.0255,33
29.0408,28
29.0561,21
29.0715,29
29.0868,31
29.1021,46
29.1175,39
29.1328,38
29.1481,43
29.1635,31
29.1788,50
29.1941,45
29.2095,31
29.2248,37
29.2401,30
29.2554,21
29.2708,28
29.2861,22
29.3014,37
29.3168,34
29.3321,30
29.3474,28
29.3628,34
29.3781,30
29.3934,32
29.4088,29
29.4241,35
29.4394,28
29.4548,23
29.4701,34
29.4854,25
29.5008,33
29.5161,30
29.5314,31
29.5468,35
29.5621,25
29.5774,28
29.5928,41
29.6081,26
29.6234,40
29.6388,24
29.6541,21
29.6694,37
29.6847,29
29.7001,32
29.7154,34
29.7307,27
29.7461,32
29.7614,34
29.7767,33
29.7921,28
29.8074,28
29.8227,26
29.8381,27
29.8534,30
29.8687,35
29.8841,52
29.8994,36
29.9147,31
29.9301,36
29.9454,41
29.9607,28
29.9761,32
29.9914,28
30.0067,23
30.0221,27
30.0374,31
30.0527,36
30.068,33
30.0834,48
30.0987,38
30.114,43
30.1294,33
30.1447,34
30.16,23
30.1754,38
30.1907,25
30.206,45
30.2214,42
30.2367,30
30.252,32
30.2674,39
30.2827,36
30.298,46
30.3134,30
30.3287,39
30.344,42
30.3594,41
30.3747,50
30.39,41
30.4054,32
30.4207,41
30.436,25
30.4514,35
30.4667,44
30.482,33
30.4973,41
30.5127,39
30.528,36
30.5433,24
30.5587,22
30.574,36
30.5893,29
30.6047,33
30.62,39
30.6353,37
30.6507,30
30.666,30
30.6813,43
30.6967,40
30.712,34
30.7273,34
30.7427,25
30.758,37
30.7733,25
30.7887,28
30.804,36
30.8193,32
30.8347,28
30.85,30
30.8653,31
30.8806,29
30.896,29
30.9113,22
30.9266,40
30.942,31
30.9573,26
30.9726,36
30.988,25
31.0033,33
31.0186,18
31.034,31
31.0493,31
31.0646,32
31.08,34
31.0953,33
31.1106,31
31.126,31
31.1413,45
31.1566,33
31.172,25
31.1873,36
31.2026,40
31.218,28
31.2333,32
31.2486,41
31.264,41
31.2793,34
31.2946,35
31.3099,34
31.3253,31
31.3406,34
31.3559,36
31.3713,25
31.3866,34
31.4019,39
31.4173,29
31.4326,28
31.4479,26
31.4633,35
31.4786,28
31.4939,26
31.5093,41
31.5246,44
31.5399,38
31.5553,37
31.5706,34
31.5859,34
31.6013,38
31.6166,27
31.6319,33
31.6473,38
31.6626,30
31.6779,33
31.6932,37
31.7086,35
31.7239,38
31.7392,41
31.7546,28
31.7699,39
31.7852,33
31.8006,34
31.8159,36
31.8312,35
31.8466,36
31.8619,45
31.8772,29
31.8926,35
31.9079,36
31.9232,32
31.9386,36
31.9539,35
31.9692,39
31.9846,37
31.9999,36
32.0152,29
32.0306,36
32.0459,45
32.0612,43
32.0766,38
32.0919,41
32.1072,33
32.1225,29
32.1379,39
32.1532,34
32.1685,45
32.1839,28
32.1992,41
32.2145,38
32.2299,49
32.2452,31
32.2605,46
32.2759,34
32.2912,42
32.3065,53
32.3219,55
32.3372,44
32.3525,49
32.3679,62
32.3832,43
32.3985,37
32.4139,45
32.4292,48
32.4445,47
32.4599,32
32.4752,42
32.4905,31
32.5058,31
32.5212,31
32.5365,47
32.5518,45
32.5672,47
32.5825,37
32.5978,44
32.6132,49
32.6285,43
32.6438,42
32.6592,36
32.6745,60
32.6898,39
32.7052,61
32.7205,42
32.7358,52
32.7512,39
32.7665,48
32.7818,43
32.7972,42
32.8125,46
32.8278,51
32.8432,60
32.8585,47
32.8738,68
32.8892,60
32.9045,54
32.9198,66
32.9351,60
32.9505,65
32.9658,72
32.9811,75
32.9965,74
33.0118,62
33.0271,60
33.0425,59
33.0578,74
33.0731,57
33.0885,50
33.1038,57
33.1191,50
33.1345,70
33.1498,65
33.1651,63
33.1805,73
33.1958,47
33.2111,55
33.2265,50
33.2418,53
33.2571,62
33.2725,58
33.2878,52
33.3031,56
33.3184,62
33.3338,51
33.3491,63
33.3644,52
33.3798,55
33.3951,72
33.4104,72
33.4258,53
33.4411,55
33.4564,63
33.4718,79
33.4871,84
33.5024,81
33.5178,86
33.5331,80
33.5484,94
33.5638,98
33.5791,108
33.5944,113
33.6098,128
33.6251,166
33.6404,204
33.6558,297
33.6711,401
33.6864,512
33.7018,736
33.7171,1267
33.7324,1831
33.7477,1875
33.7631,1640
33.7784,2228
33.7937,3801
33.8091,5243
33.8244,4037
33.8397,2048
33.8551,1277
33.8704,1401
33.8857,2139
33.9011,2338
33.9164,1295
33.9317,552
33.9471,340
33.9624,238
33.9777,197
33.9931,165
34.0084,141
34.0237,131
34.0391,102
34.0544,113
34.0697,106
34.0851,108
34.1004,96
34.1157,87
34.1311,84
34.1464,101
34.1617,102
34.177,96
34.1924,102
34.2077,87
34.223,87
34.2384,100
34.2537,85
34.269,84
34.2844,77
34.2997,88
34.315,98
34.3304,95
34.3457,85
34.361,100
34.3764,88
34.3917,95
34.407,76
34.4224,88
34.4377,93
34.453,95
34.4684,112
34.4837,103
34.499,149
34.5144,160
34.5297,237
34.545,346
34.5603,498
34.5757,560
34.591,639
34.6063,880
34.6217,1404
34.637,1677
34.6523,1452
34.6677,841
34.683,612
34.6983,596
34.7137,798
34.729,871
34.7443,673
34.7597,325
34.775,215
34.7903,152
34.8057,130
34.821,93
34.8363,108
34.8517,97
34.867,107
34.8823,96
34.8977,102
34.913,82
34.9283,90
34.9437,95
34.959,70
34.9743,82
34.9896,88
35.005,82
35.0203,75
35.0356,77
35.051,86
35.0663,83
35.0816,89
35.097,94
35.1123,102
35.1276,126
35.143,130
35.1583,130
35.1736,114
35.189,87
35.2043,92
35.2196,99
35.235,108
35.2503,93
35.2656,85
35.281,70
35.2963,74
35.3116,54
35.327,50
35.3423,63
35.3576,54
35.3729,64
35.3883,46
35.4036,46
35.4189,48
35.4343,52
35.4496,46
35.4649,43
35.4803,57
35.4956,50
35.5109,47
35.5263,32
35.5416,45
35.5569,52
35.5723,39
35.5876,65
35.6029,40
35.6183,62
35.6336,58
35.6489,55
35.6643,54
35.6796,63
35.6949,52
35.7103,52
35.7256,57
35.7409,35
35.7563,55
35.7716,57
35.7869,56
35.8022,49
35.8176,81
35.8329,71
35.8482,80
35.8636,82
35.8789,77
35.8942,100
35.9096,119
35.9249,115
35.9402,126
35.9556,120
35.9709,154
35.9862,207
36.0016,142
36.0169,94
36.0322,100
36.0476,92
36.0629,183
36.0782,154
36.0936,111
36.1089,94
36.1242,76
36.1396,74
36.1549,72
36.1702,76
36.1855,79
36.2009,63
36.2162,75
36.2315,58
36.2469,57
36.2622,76
36.2775,69
36.2929,51
36.3082,61
36.3235,44
36.3389,45
36.3542,52
36.3695,56
36.3849,62
36.4002,66
36.4155,53
36.4309,59
36.4462,52
36.4615,44
36.4769,54
36.4922,54
36.5075,60
36.5229,54
36.5382,42
36.5535,53
36.5689,50
36.5842,57
36.5995,46
36.6148,54
36.6302,45
36.6455,52
36.6608,55
36.6762,50
36.6915,49
36.7068,38
36.7222,43
36.7375,56
36.7528,46
36.7682,50
36.7835,53
36.7988,36
36.8142,55
36.8295,34
36.8448,44
36.8602,45
36.8755,53
36.8908,43
36.9062,40
36.9215,44
36.9368,64
36.9522,49
36.9675,47
36.9828,48
36.9981,40
37.0135,66
37.0288,66
37.0441,67
37.0595,75
37.0748,74
37.0901,84
37.1055,103
37.1208,141
37.1361,192
37.1515,260
37.1668,447
37.1821,655
37.1975,779
37.2128,789
37.2281,1104
37.2435,1491
37.2588,1959
37.2741,1835
37.2895,1300
37.3048,907
37.3201,767
37.3355,896
37.3508,988
37.3661,950
37.3815,705
37.3968,403
37.4121,244
37.4274,180
37.4428,133
37.4581,111
37.4734,101
37.4888,95
37.5041,94
37.5194,59
37.5348,51
37.5501,50
37.5654,41
37.5808,51
37.5961,44
37.6114,36
37.6268,51
37.6421,41
37.6574,32
37.6728,40
37.6881,44
37.7034,28
37.7188,39
37.7341,35
37.7494,38
37.7648,30
37.7801,31
37.7954,29
37.8107,42
37.8261,39
37.8414,35
37.8567,38
37.8721,28
37.8874,31
37.9027,31
37.9181,29
37.9334,27
37.9487,28
37.9641,41
37.9794,29
37.9947,41
38.0101,27
38.0254,29
38.0407,36
38.0561,23
38.0714,35
38.0867,35
38.1021,26
38.1174,28
38.1327,34
38.1481,33
38.1634,29
38.1787,36
38.1941,42
38.2094,40
38.2247,27
38.24,32
38.2554,20
38.2707,38
38.286,20
38.3014,31
38.3167,24
38.332,36
38.3474,38
38.3627,26
38.378,32
38.3934,30
38.4087,29
38.424,30
38.4394,33
38.4547,27
38.47,30
38.4854,30
38.5007,33
38.516,34
38.5314,20
38.5467,35
38.562,32
38.5774,27
38.5927,27
38.608,32
38.6233,28
38.6387,28
38.654,21
38.6693,40
38.6847,30
38.7,38
38.7153,35
38.7307,29
38.746,29
38.7613,26
38.7767,27
38.792,33
38.8073,26
38.8227,27
38.838,39
38.8533,26
38.8687,32
38.884,29
38.8993,31
38.9147,45
38.93,59
38.9453,36
38.9607,52
38.976,62
38.9913,70
39.0067,74
39.022,59
39.0373,52
39.0526,41
39.068,47
39.0833,45
39.0986,44
39.114,50
39.1293,37
39.1446,32
39.16,28
39.1753,35
39.1906,30
39.206,25
39.2213,32
39.2366,28
39.252,22
39.2673,24
39.2826,27
39.298,25
39.3133,26
39.3286,27
39.344,25
39.3593,34
39.3746,35
39.39,27
39.4053,27
39.4206,36
39.4359,23
39.4513,26
39.4666,29
39.4819,25
39.4973,20
39.5126,26
39.5279,40
39.5433,31
39.5586,34
39.5739,24
39.5893,28
39.6046,24
39.6199,29
39.6353,34
39.6506,32
39.6659,33
39.6813,38
39.6966,31
39.7119,45
39.7273,43
39.7426,36
39.7579,29
39.7733,41
39.7886,35
39.8039,30
39.8193,26
39.8346,34
39.8499,25
39.8652,38
39.8806,39
39.8959,37
39.9112,38
39.9266,32
39.9419,30
39.9572,36
39.9726,33
39.9879,42
40.0032,33
40.0186,31
40.0339,45
40.0492,38
40.0646,32
40.0799,27
40.0952,34
40.1106,35
40.1259,40
40.1412,27
40.1566,40
40.1719,31
40.1872,29
40.2026,32
40.2179,25
40.2332,33
40.2485,30
40.2639,36
40.2792,30
40.2945,33
40.3099,31
40.3252,29
40.3405,31
40.3559,35
40.3712,31
40.3865,28
40.4019,32
40.4172,21
40.4325,33
40.4479,36
40.4632,29
40.4785,32
40.4939,35
40.5092,23
40.5245,28
40.5399,24
40.5552,30
40.5705,24
40.5859,45
40.6012,21
40.6165,28
40.6319,24
40.6472,22
40.6625,29
40.6778,29
40.6932,25
40.7085,40
40.7238,34
40.7392,35
40.7545,27
40.7698,31
40.7852,38
40.8005,31
40.8158,30
40.8312,33
40.8465,29
40.8618,25
40.8772,28
40.8925,21
40.9078,26
40.9232,22
40.9385,30
40.9538,33
40.9692,28
40.9845,37
40.9998,28
41.0152,28
41.0305,29
41.0458,19
41.0611,28
41.0765,32
41.0918,38
41.1071,35
41.1225,23
41.1378,36
41.1531,25
41.1685,28
41.1838,34
41.1991,31
41.2145,33
41.2298,33
41.2451,31
41.2605,38
41.2758,29
41.2911,35
41.3065,24
41.3218,24
41.3371,34
41.3525,40
41.3678,25
41.3831,30
41.3985,37
41.4138,38
41.4291,33
41.4445,34
41.4598,32
41.4751,26
41.4904,30
41.5058,30
41.5211,29
41.5364,35
41.5518,27
41.5671,33
41.5824,25
41.5978,31
41.6131,28
41.6284,48
41.6438,30
41.6591,28
41.6744,33
41.6898,40
41.7051,24
41.7204,27
41.7358,30
41.7511,34
41.7664,32
41.7818,33
41.7971,31
41.8124,39
41.8278,30
41.8431,30
41.8584,34
41.8738,23
41.8891,39
41.9044,38
41.9197,28
41.9351,31
41.9504,33
41.9657,30
41.9811,38
41.9964,32
42.0117,31
42.0271,43
42.0424,34
42.0577,36
42.0731,31
42.0884,38
42.1037,39
42.1191,30
42.1344,39
42.1497,58
42.1651,67
42.1804,65
42.1957,71
42.2111,99
42.2264,102
42.2417,117
42.2571,95
42.2724,86
42.2877,68
42.303,69
42.3184,71
42.3337,62
42.349,85
42.3644,81
42.3797,75
42.395,58
42.4104,34
42.4257,58
42.441,54
42.4564,61
42.4717,36
42.487,54
42.5024,38
42.5177,43
42.533,44
42.5484,45
42.5637,51
42.579,59
42.5944,40
42.6097,35
42.625,44
42.6404,42
42.6557,43
42.671,49
42.6864,47
42.7017,44
42.717,40
42.7323,43
42.7477,49
42.763,40
42.7783,52
42.7937,32
42.809,44
42.8243,36
42.8397,49
42.855,40
42.8703,49
42.8857,46
42.901,64
42.9163,44
42.9317,54
42.947,59
42.9623,54
42.9777,63
42.993,80
43.0083,69
43.0237,87
43.039,84
43.0543,80
43.0697,110
43.085,122
43.1003,185
43.1156,289
43.131,337
43.1463,413
43.1616,577
43.177,918
43.1923,918
43.2076,672
43.223,379
43.2383,340
43.2536,251
43.269,299
43.2843,437
43.2996,536
43.315,384
43.3303,238
43.3456,151
43.361,97
43.3763,99
43.3916,85
43.407,58
43.4223,81
43.4376,56
43.453,67
43.4683,66
43.4836,57
43.499,57
43.5143,52
43.5296,66
43.5449,61
43.5603,46
43.5756,60
43.5909,43
43.6063,60
43.6216,67
43.6369,54
43.6523,58
43.6676,72
43.6829,74
43.6983,87
43.7136,94
43.7289,80
43.7443,75
43.7596,91
43.7749,90
43.7903,144
43.8056,155
43.8209,151
43.8363,188
43.8516,219
43.8669,265
43.8823,240
43.8976,182
43.9129,167
43.9282,177
43.9436,208
43.9589,202
43.9742,248
43.9896,317
44.0049,343
44.0202,391
44.0356,267
44.0509,163
44.0662,146
44.0816,130
44.0969,146
44.1122,172
44.1276,210
44.1429,186
44.1582,164
44.1736,99
44.1889,86
44.2042,102
44.2196,80
44.2349,75
44.2502,86
44.2656,97
44.2809,73
44.2962,77
44.3116,81
44.3269,75
44.3422,61
44.3575,59
44.3729,88
44.3882,68
44.4035,58
44.4189,65
44.4342,50
44.4495,62
44.4649,58
44.4802,46
44.4955,59
44.5109,67
44.5262,59
44.5415,69
44.5569,49
44.5722,61
44.5875,63
44.6029,63
44.6182,53
44.6335,60
44.6489,58
44.6642,58
44.6795,59
44.6949,53
44.7102,43
44.7255,46
44.7408,58
44.7562,52
44.7715,55
44.7868,46
44.8022,41
44.8175,44
44.8328,43
44.8482,51
44.8635,59
44.8788,37
44.8942,47
44.9095,48
44.9248,47
44.9402,49
44.9555,35
44.9708,66
44.9862,68
45.0015,45
45.0168,56
45.0322,60
45.0475,57
45.0628,56
45.0782,62
45.0935,56
45.1088,78
45.1242,58
45.1395,77
45.1548,97
45.1701,72
45.1855,94
45.2008,96
45.2161,123
45.2315,159
45.2468,215
45.2621,311
45.2775,423
45.2928,554
45.3081,713
45.3235,971
45.3388,1136
45.3541,1168
45.3695,873
45.3848,565
45.4001,449
45.4155,467
45.4308,490
45.4461,587
45.4615,701
45.4768,602
45.4921,547
45.5075,442
45.5228,433
45.5381,389
45.5534,484
45.5688,747
45.5841,982
45.5994,956
45.6148,586
45.6301,368
45.6454,286
45.6608,268
45.6761,320
45.6914,468
45.7068,510
45.7221,523
45.7374,213
45.7528,151
45.7681,121
45.7834,95
45.7988,70
45.8141,80
45.8294,68
45.8448,71
45.8601,54
45.8754,56
45.8908,62
45.9061,53
45.9214,41
45.9368,46
45.9521,55
45.9674,55
45.9827,38
45.9981,60
46.0134,44
46.0287,46
46.0441,43
46.0594,30
46.0747,38
46.0901,40
46.1054,50
46.1207,46
46.1361,47
46.1514,37
46.1667,34
46.1821,34
46.1974,39
46.2127,32
46.2281,39
46.2434,43
46.2587,48
46.2741,39
46.2894,45
46.3047,45
46.3201,32
46.3354,43
46.3507,33
46.366,45
46.3814,46
46.3967,42
46.412,40
46.4274,34
46.4427,39
46.458,44
46.4734,38
46.4887,30
46.504,48
46.5194,41
46.5347,33
46.55,46
46.5654,39
46.5807,42
46.596,33
46.6114,38
46.6267,36
46.642,53
46.6574,48
46.6727,38
46.688,40
46.7034,45
46.7187,35
46.734,53
46.7494,49
46.7647,46
46.78,46
46.7953,31
46.8107,30
46.826,40
46.8413,45
46.8567,47
46.872,48
46.8873,41
46.9027,41
46.918,33
46.9333,45
46.9487,48
46.964,50
46.9793,36
46.9947,29
47.01,41
47.0253,46
47.0407,36
47.056,41
47.0713,54
47.0867,33
47.102,40
47.1173,47
47.1327,39
47.148,38
47.1633,30
47.1786,32
47.194,33
47.2093,40
47.2246,45
47.24,49
47.2553,40
47.2706,47
47.286,34
47.3013,35
47.3166,36
47.332,36
47.3473,27
47.3626,44
47.378,38
47.3933,37
47.4086,36
47.424,35
47.4393,40
47.4546,33
47.47,40
47.4853,37
47.5006,49
47.516,36
47.5313,39
47.5466,32
47.562,31
47.5773,30
47.5926,34
47.6079,33
47.6233,42
47.6386,44
47.6539,29
47.6693,38
47.6846,44
47.6999,37
47.7153,37
47.7306,46
47.7459,43
47.7613,47
47.7766,38
47.7919,52
47.8073,33
47.8226,39
47.8379,42
47.8533,36
47.8686,36
47.8839,30
47.8993,40
47.9146,33
47.9299,32
47.9453,24
47.9606,34
47.9759,39
47.9912,25
48.0066,37
48.0219,33
48.0372,37
48.0526,35
48.0679,36
48.0832,32
48.0986,31
48.1139,46
48.1292,42
48.1446,36
48.1599,34
48.1752,25
48.1906,35
48.2059,43
48.2212,43
48.2366,34
48.2519,35
48.2672,31
48.2826,28
48.2979,39
48.3132,30
48.3286,37
48.3439,33
48.3592,46
48.3746,29
48.3899,30
48.4052,29
48.4205,31
48.4359,32
48.4512,39
48.4665,27
48.4819,28
48.4972,39
48.5125,33
48.5279,36
48.5432,37
48.5585,39
48.5739,30
48.5892,44
48.6045,37
48.6199,33
48.6352,38
48.6505,44
48.6659,47
48.6812,44
48.6965,49
48.7119,40
48.7272,32
48.7425,32
48.7579,34
48.7732,45
48.7885,40
48.8038,37
48.8192,39
48.8345,35
48.8498,50
48.8652,38
48.8805,38
48.8958,42
48.9112,32
48.9265,40
48.9418,40
48.9572,37
48.9725,34
48.9878,45
49.0032,36
49.0185,33
49.0338,33
49.0492,39
49.0645,45
49.0798,46
49.0952,33
49.1105,42
49.1258,41
49.1412,29
49.1565,46
49.1718,37
49.1872,44
49.2025,48
49.2178,36
49.2331,43
49.2485,37
49.2638,48
49.2791,37
49.2945,28
49.3098,41
49.3251,38
49.3405,43
49.3558,41
49.3711,41
49.3865,43
49.4018,41
49.4171,41
49.4325,40
49.4478,38
49.4631,40
49.4785,37
49.4938,37
49.5091,39
49.5245,35
49.5398,37
49.5551,40
49.5705,46
49.5858,42
49.6011,31
49.6164,45
49.6318,42
49.6471,44
49.6624,49
49.6778,39
49.6931,38
49.7084,37
49.7238,44
49.7391,53
49.7544,46
49.7698,30
49.7851,41
49.8004,30
49.8158,24
49.8311,45
49.8464,36
49.8618,51
49.8771,47
49.8924,43
49.9078,42
49.9231,40
49.9384,39
49.9538,46
49.9691,41
49.9844,42
49.9998,43
50.0151,49
50.0304,41
50.0457,31
50.0611,45
50.0764,38
50.0917,38
50.1071,41
50.1224,42
50.1377,41
50.1531,47
50.1684,29
50.1837,34
50.1991,48
50.2144,31
50.2297,41
50.2451,39
50.2604,41
50.2757,26
50.2911,36
50.3064,51
50.3217,43
50.3371,36
50.3524,46
50.3677,45
50.3831,41
50.3984,32
50.4137,30
50.4291,43
50.4444,45
50.4597,44
50.475,39
50.4904,41
50.5057,44
50.521,41
50.5364,45
50.5517,37
50.567,42
50.5824,46
50.5977,42
50.613,35
50.6284,31
50.6437,40
50.659,35
50.6744,38
50.6897,32
50.705,37
50.7204,33
50.7357,37
50.751,46
50.7664,45
50.7817,43
50.797,39
50.8124,59
50.8277,51
50.843,49
50.8583,54
50.8737,58
50.889,52
50.9043,66
50.9197,48
50.935,70
50.9503,82
50.9657,78
50.981,127
50.9963,98
51.0117,130
51.027,171
51.0423,287
51.0577,389
51.073,454
51.0883,596
51.1037,728
51.119,856
51.1343,960
51.1497,952
51.165,686
51.1803,490
51.1957,385
51.211,379
51.2263,388
51.2417,464
51.257,472
51.2723,520
51.2876,457
51.303,321
51.3183,225
51.3336,170
51.349,121
51.3643,83
51.3796,83
51.395,60
51.4103,78
51.4256,65
51.441,64
51.4563,61
51.4716,53
51.487,46
51.5023,61
51.5176,46
51.533,63
51.5483,56
51.5636,45
51.579,52
51.5943,44
51.6096,52
51.625,55
51.6403,50
51.6556,40
51.6709,48
51.6863,60
51.7016,50
51.7169,58
51.7323,46
51.7476,43
51.7629,49
51.7783,42
51.7936,52
51.8089,62
51.8243,50
51.8396,49
51.8549,40
51.8703,37
51.8856,46
51.9009,47
51.9163,41
51.9316,46
51.9469,41
51.9623,42
51.9776,36
51.9929,48
52.0083,47
52.0236,46
52.0389,26
52.0543,42
52.0696,51
52.0849,35
52.1002,42
52.1156,54
52.1309,40
52.1462,49
52.1616,52
52.1769,45
52.1922,51
52.2076,47
52.2229,54
52.2382,49
52.2536,44
52.2689,34
52.2842,41
52.2996,43
52.3149,30
52.3302,43
52.3456,35
52.3609,32
52.3762,42
52.3916,40
52.4069,37
52.4222,46
52.4376,32
52.4529,37
52.4682,33
52.4835,32
52.4989,32
52.5142,42
52.5295,30
52.5449,45
52.5602,46
52.5755,26
52.5909,45
52.6062,40
52.6215,48
52.6369,38
52.6522,42
52.6675,39
52.6829,49
52.6982,35
52.7135,44
52.7289,40
52.7442,34
52.7595,41
52.7749,46
52.7902,36
52.8055,35
52.8209,37
52.8362,33
52.8515,42
52.8669,44
52.8822,45
52.8975,32
52.9128,41
52.9282,53
52.9435,38
52.9588,41
52.9742,46
52.9895,44
53.0048,44
53.0202,55
53.0355,54
53.0508,43
53.0662,41
53.0815,48
53.0968,47
53.1122,42
53.1275,37
53.1428,57
53.1582,53
53.1735,56
53.1888,78
53.2042,111
53.2195,123
53.2348,148
53.2502,191
53.2655,253
53.2808,223
53.2961,127
53.3115,121
53.3268,85
53.3421,96
53.3575,100
53.3728,110
53.3881,106
53.4035,159
53.4188,155
53.4341,120
53.4495,76
53.4648,68
53.4801,72
53.4955,73
53.5108,78
53.5261,63
53.5415,61
53.5568,84
53.5721,120
53.5875,133
53.6028,155
53.6181,182
53.6335,267
53.6488,366
53.6641,381
53.6795,419
53.6948,369
53.7101,312
53.7254,183
53.7408,140
53.7561,137
53.7714,154
53.7868,200
53.8021,211
53.8174,234
53.8328,226
53.8481,192
53.8634,146
53.8788,121
53.8941,68
53.9094,77
53.9248,45
53.9401,60
53.9554,53
53.9708,44
53.9861,57
54.0014,53
54.0168,42
54.0321,51
54.0474,49
54.0628,45
54.0781,41
54.0934,47
54.1087,43
54.1241,53
54.1394,51
54.1547,44
54.1701,52
54.1854,46
54.2007,34
54.2161,41
54.2314,42
54.2467,46
54.2621,46
54.2774,42
54.2927,36
54.3081,43
54.3234,39
54.3387,35
54.3541,32
54.3694,39
54.3847,40
54.4001,29
54.4154,33
54.4307,38
54.4461,42
54.4614,41
54.4767,42
54.4921,37
54.5074,39
54.5227,31
54.538,41
54.5534,40
54.5687,47
54.584,29
54.5994,22
54.6147,38
54.63,35
54.6454,42
54.6607,43
54.676,37
54.6914,25
54.7067,45
54.722,38
54.7374,38
54.7527,31
54.768,40
54.7834,27
54.7987,45
54.814,33
54.8294,49
54.8447,48
54.86,31
54.8754,38
54.8907,39
54.906,49
54.9213,45
54.9367,37
54.952,40
54.9673,43
54.9827,43
54.998,37
55.0133,41
55.0287,40
55.044,23
55.0593,41
55.0747,47
55.09,38
55.1053,40
55.1207,35
55.136,39
55.1513,39
55.1667,29
55.182,44
55.1973,48
55.2127,52
55.228,52
55.2433,58
55.2587,64
55.274,104
55.2893,109
55.3047,85
55.32,61
55.3353,57
55.3506,64
55.366,55
55.3813,47
55.3966,53
55.412,62
55.4273,62
55.4426,67
55.458,71
55.4733,48
55.4886,56
55.504,41
55.5193,31
55.5346,30
55.55,44
55.5653,35
55.5806,34
55.596,26
55.6113,43
55.6266,34
55.642,27
55.6573,35
55.6726,26
55.688,34
55.7033,41
55.7186,24
55.7339,32
55.7493,37
55.7646,30
55.7799,47
55.7953,39
55.8106,37
55.8259,46
55.8413,32
55.8566,37
55.8719,32
55.8873,32
55.9026,44
55.9179,29
55.9333,32
55.9486,34
55.9639,31
55.9793,31
55.9946,26
56.0099,32
56.0253,27
56.0406,45
56.0559,31
56.0713,32
56.0866,40
56.1019,30
56.1173,33
56.1326,38
56.1479,39
56.1632,37
56.1786,41
56.1939,31
56.2092,42
56.2246,53
56.2399,37
56.2552,44
56.2706,40
56.2859,39
56.3012,34
56.3166,30
56.3319,37
56.3472,35
56.3626,46
56.3779,42
56.3932,32
56.4086,32
56.4239,28
56.4392,29
56.4546,35
56.4699,37
56.4852,42
56.5006,29
56.5159,40
56.5312,33
56.5465,34
56.5619,30
56.5772,35
56.5925,41
56.6079,29
56.6232,28
56.6385,43
56.6539,33
56.6692,51
56.6845,46
56.6999,43
56.7152,45
56.7305,48
56.7459,51
56.7612,55
56.7765,44
56.7919,45
56.8072,51
56.8225,39
56.8379,46
56.8532,39
56.8685,41
56.8839,37
56.8992,44
56.9145,39
56.9299,46
56.9452,37
56.9605,40
56.9758,29
56.9912,31
57.0065,32
57.0218,37
57.0372,53
57.0525,36
57.0678,36
57.0832,38
57.0985,43
57.1138,49
57.1292,43
57.1445,33
57.1598,44
57.1752,48
57.1905,35
57.2058,40
57.2212,47
57.2365,43
57.2518,48
57.2672,48
57.2825,42
57.2978,44
57.3132,52
57.3285,43
57.3438,46
57.3591,39
57.3745,37
57.3898,52
57.4051,36
57.4205,39
57.4358,36
57.4511,52
57.4665,48
57.4818,46
57.4971,56
57.5125,68
57.5278,66
57.5431,56
57.5585,44
57.5738,58
57.5891,50
57.6045,49
57.6198,38
57.6351,53
57.6505,46
57.6658,54
57.6811,43
57.6965,47
57.7118,35
57.7271,46
57.7425,41
57.7578,40
57.7731,47
57.7884,57
57.8038,55
57.8191,54
57.8344,57
57.8498,75
57.8651,77
57.8804,108
57.8958,108
57.9111,128
57.9264,106
57.9418,74
57.9571,66
57.9724,67
57.9878,63
58.0031,58
58.0184,68
58.0338,49
58.0491,84
58.0644,94
58.0798,62
58.0951,65
58.1104,61
58.1258,50
58.1411,45
58.1564,48
58.1718,33
58.1871,54
58.2024,54
58.2177,55
58.2331,43
58.2484,56
58.2637,53
58.2791,49
58.2944,44
58.3097,52
58.3251,56
58.3404,53
58.3557,58
58.3711,65
58.3864,52
58.4017,53
58.4171,46
58.4324,51
58.4477,41
58.4631,52
58.4784,45
58.4937,51
58.5091,57
58.5244,59
58.5397,41
58.5551,39
58.5704,53
58.5857,53
58.601,45
58.6164,36
58.6317,41
58.647,42
58.6624,53
58.6777,43
58.693,47
58.7084,58
58.7237,51
58.739,57
58.7544,61
58.7697,69
58.785,84
58.8004,92
58.8157,102
58.831,106
58.8464,102
58.8617,96
58.877,103
58.8924,99
58.9077,113
58.923,140
58.9384,203
58.9537,206
58.969,205
58.9844,155
58.9997,140
59.015,110
59.0303,97
59.0457,95
59.061,88
59.0763,79
59.0917,109
59.107,119
59.1223,115
59.1377,99
59.153,75
59.1683,59
59.1837,51
59.199,52
59.2143,48
59.2297,55
59.245,43
59.2603,54
59.2757,43
59.291,51
59.3063,44
59.3217,45
59.337,42
59.3523,36
59.3677,39
59.383,43
59.3983,43
59.4136,31
59.429,45
59.4443,51
59.4596,48
59.475,46
59.4903,35
59.5056,29
59.521,43
59.5363,30
59.5516,52
59.567,36
59.5823,37
59.5976,39
59.613,44
59.6283,42
59.6436,43
59.659,26
59.6743,45
59.6896,53
59.705,35
59.7203,38
59.7356,38
59.751,35
59.7663,37
59.7816,48
59.797,35
59.8123,60
59.8276,48
59.8429,46
59.8583,48
59.8736,43
59.8889,49
59.9043,42
59.9196,63
59.9349,61
59.9503,80
59.9656,121
59.9809,113
59.9963,151
60.0116,137
60.0269,205
60.0423,169
60.0576,165
60.0729,134
60.0883,141
60.1036,108
60.1189,95
60.1343,102
60.1496,140
60.1649,153
60.1803,201
60.1956,264
60.2109,302
60.2262,353
60.2416,360
60.2569,327
60.2722,213
60.2876,140
60.3029,106
60.3182,122
60.3336,120
60.3489,123
60.3642,131
60.3796,147
60.3949,188
60.4102,167
60.4256,164
60.4409,107
60.4562,97
60.4716,94
60.4869,84
60.5022,88
60.5176,120
60.5329,130
60.5482,172
60.5636,163
60.5789,252
60.5942,288
60.6096,324
60.6249,325
60.6402,276
60.6555,191
60.6709,162
60.6862,115
60.7015,118
60.7169,117
60.7322,125
60.7475,164
60.7629,164
60.7782,188
60.7935,178
60.8089,130
60.8242,102
60.8395,79
60.8549,90
60.8702,74
60.8855,45
60.9009,48
60.9162,60
60.9315,40
60.9469,61
60.9622,41
60.9775,40
60.9929,56
61.0082,43
61.0235,46
61.0388,38
61.0542,37
61.0695,36
61.0848,33
61.1002,53
61.1155,33
61.1308,35
61.1462,36
61.1615,34
61.1768,46
61.1922,49
61.2075,37
61.2228,44
61.2382,42
61.2535,45
61.2688,41
61.2842,31
61.2995,47
61.3148,32
61.3302,36
61.3455,40
61.3608,43
61.3762,34
61.3915,43
61.4068,42
61.4222,38
61.4375,38
61.4528,37
61.4681,40
61.4835,52
61.4988,45
61.5141,38
61.5295,36
61.5448,37
61.5601,56
61.5755,39
61.5908,42
61.6061,40
61.6215,36
61.6368,47
61.6521,46
61.6675,48
61.6828,46
61.6981,44
61.7135,44
61.7288,52
61.7441,41
61.7595,52
61.7748,47
61.7901,45
61.8055,57
61.8208,61
61.8361,64
61.8514,82
61.8668,76
61.8821,62
61.8974,48
61.9128,45
61.9281,43
61.9434,60
61.9588,50
61.9741,60
61.9894,53
62.0048,45
62.0201,62
62.0354,45
62.0508,41
62.0661,47
62.0814,39
62.0968,42
62.1121,47
62.1274,45
62.1428,30
62.1581,43
62.1734,39
62.1888,42
62.2041,56
62.2194,48
62.2348,33
62.2501,41
62.2654,38
62.2807,32
62.2961,34
62.3114,54
62.3267,44
62.3421,43
62.3574,31
62.3727,35
62.3881,27
62.4034,32
62.4187,44
62.4341,36
62.4494,33
62.4647,47
62.4801,35
62.4954,42
62.5107,31
62.5261,39
62.5414,38
62.5567,45
62.5721,44
62.5874,49
62.6027,42
62.6181,45
62.6334,43
62.6487,49
62.664,51
62.6794,45
62.6947,43
62.71,40
62.7254,39
62.7407,40
62.756,36
62.7714,32
62.7867,44
62.802,37
62.8174,29
62.8327,32
62.848,41
62.8634,52
62.8787,42
62.894,45
62.9094,43
62.9247,38
62.94,43
62.9554,39
62.9707,38
62.986,50
63.0014,46
63.0167,45
63.032,54
63.0474,37
63.0627,40
63.078,45
63.0933,45
63.1087,36
63.124,58
63.1393,33
63.1547,34
63.17,38
63.1853,49
63.2007,43
63.216,35
63.2313,38
63.2467,35
63.262,39
63.2773,42
63.2927,42
63.308,39
63.3233,44
63.3387,37
63.354,46
63.3693,26
63.3847,42
63.4,43
63.4153,38
63.4307,34
63.446,32
63.4613,35
63.4766,33
63.492,40
63.5073,34
63.5226,35
63.538,30
63.5533,39
63.5686,37
63.584,45
63.5993,37
63.6146,38
63.63,39
63.6453,30
63.6606,38
63.676,35
63.6913,41
63.7066,42
63.722,47
63.7373,28
63.7526,40
63.768,47
63.7833,28
63.7986,40
63.814,42
63.8293,43
63.8446,35
63.86,28
63.8753,49
63.8906,52
63.9059,40
63.9213,41
63.9366,43
63.9519,46
63.9673,41
63.9826,51
63.9979,46
64.0133,48
64.0286,53
64.0439,63
64.0593,42
64.0746,44
64.0899,63
64.1053,41
64.1206,61
64.1359,43
64.1513,48
64.1666,48
64.1819,51
64.1973,45
64.2126,56
64.2279,46
64.2433,46
64.2586,54
64.2739,52
64.2892,51
64.3046,59
64.3199,50
64.3352,35
64.3506,46
64.3659,45
64.3812,66
64.3966,63
64.4119,42
64.4272,57
64.4426,57
64.4579,85
64.4732,83
64.4886,100
64.5039,128
64.5192,163
64.5346,231
64.5499,306
64.5652,232
64.5806,150
64.5959,118
64.6112,101
64.6266,87
64.6419,77
64.6572,82
64.6726,92
64.6879,102
64.7032,116
64.7185,203
64.7339,171
64.7492,166
64.7645,118
64.7799,86
64.7952,107
64.8105,107
64.8259,118
64.8412,138
64.8565,189
64.8719,200
64.8872,254
64.9025,256
64.9179,272
64.9332,224
64.9485,207
64.9639,144
64.9792,107
64.9945,97
65.0099,115
65.0252,102
65.0405,118
65.0559,145
65.0712,135
65.0865,154
65.1018,152
65.1172,137
65.1325,105
65.1478,77
65.1632,62
65.1785,70
65.1938,53
65.2092,52
65.2245,61
65.2398,62
65.2552,73
65.2705,66
65.2858,67
65.3012,69
65.3165,89
65.3318,107
65.3472,118
65.3625,131
65.3778,157
65.3932,223
65.4085,199
65.4238,209
65.4392,215
65.4545,198
65.4698,138
65.4852,126
65.5005,110
65.5158,111
65.5311,112
65.5465,102
65.5618,121
65.5771,113
65.5925,146
65.6078,128
65.6231,147
65.6385,99
65.6538,90
65.6691,96
65.6845,59
65.6998,52
65.7151,52
65.7305,72
65.7458,55
65.7611,58
65.7765,48
65.7918,40
65.8071,44
65.8225,59
65.8378,43
65.8531,47
65.8685,29
65.8838,44
65.8991,41
65.9144,44
65.9298,43
65.9451,30
65.9604,50
65.9758,35
65.9911,40
66.0064,36
66.0218,45
66.0371,38
66.0524,49
66.0678,39
66.0831,36
66.0984,45
66.1138,50
66.1291,43
66.1444,54
66.1598,45
66.1751,34
66.1904,34
66.2058,42
66.2211,44
66.2364,47
66.2518,45
66.2671,39
66.2824,38
66.2978,35
66.3131,24
66.3284,39
66.3437,44
66.3591,30
66.3744,45
66.3897,30
66.4051,35
66.4204,32
66.4357,40
66.4511,45
66.4664,40
66.4817,44
66.4971,41
66.5124,50
66.5277,41
66.5431,35
66.5584,33
66.5737,35
66.5891,39
66.6044,44
66.6197,35
66.6351,34
66.6504,29
66.6657,41
66.6811,32
66.6964,31
66.7117,27
66.7271,40
66.7424,38
66.7577,43
66.773,26
66.7884,46
66.8037,47
66.819,36
66.8344,30
66.8497,37
66.865,42
66.8804,39
66.8957,41
66.911,42
66.9264,38
66.9417,48
66.957,38
66.9724,44
66.9877,38
67.003,30
67.0184,42
67.0337,50
67.049,42
67.0644,35
67.0797,53
67.095,46
67.1104,35
67.1257,54
67.141,36
67.1563,33
67.1717,40
67.187,42
67.2023,58
67.2177,47
67.233,44
67.2483,48
67.2637,51
67.279,39
67.2943,42
67.3097,61
67.325,46
67.3403,44
67.3557,60
67.371,62
67.3863,58
67.4017,71
67.417,96
67.4323,133
67.4477,176
67.463,199
67.4783,255
67.4937,384
67.509,579
67.5243,664
67.5397,533
67.555,387
67.5703,230
67.5856,166
67.601,122
67.6163,112
67.6316,119
67.647,129
67.6623,181
67.6776,189
67.693,261
67.7083,389
67.7236,339
67.739,277
67.7543,166
67.7696,117
67.785,87
67.8003,72
67.8156,78
67.831,52
67.8463,55
67.8616,44
67.877,57
67.8923,41
67.9076,61
67.923,37
67.9383,46
67.9536,22
67.9689,46
67.9843,29
67.9996,47
68.0149,42
68.0303,36
68.0456,29
68.0609,37
68.0763,34
68.0916,51
68.1069,39
68.1223,33
68.1376,42
68.1529,39
68.1683,43
68.1836,40
68.1989,39
68.2143,32
68.2296,41
68.2449,48
68.2603,33
68.2756,35
68.2909,43
68.3063,36
68.3216,35
68.3369,31
68.3523,39
68.3676,37
68.3829,33
68.3982,36
68.4136,37
68.4289,42
68.4442,45
68.4596,31
68.4749,44
68.4902,49
68.5056,57
68.5209,70
68.5362,58
68.5516,55
68.5669,60
68.5822,34
68.5976,38
68.6129,44
68.6282,39
68.6436,39
68.6589,44
68.6742,44
68.6896,43
68.7049,48
68.7202,45
68.7356,56
68.7509,26
68.7662,53
68.7815,39
68.7969,34
68.8122,48
68.8275,38
68.8429,48
68.8582,38
68.8735,41
68.8889,52
68.9042,40
68.9195,43
68.9349,46
68.9502,41
68.9655,43
68.9809,37
68.9962,42
69.0115,44
69.0269,27
69.0422,39
69.0575,24
69.0729,43
69.0882,36
69.1035,36
69.1189,42
69.1342,43
69.1495,26
69.1649,33
69.1802,32
69.1955,35
69.2108,30
69.2262,44
69.2415,41
69.2568,36
69.2722,30
69.2875,40
69.3028,47
69.3182,43
69.3335,30
69.3488,30
69.3642,41
69.3795,40
69.3948,35
69.4102,36
69.4255,27
69.4408,53
69.4562,43
69.4715,32
69.4868,37
69.5022,33
69.5175,43
69.5328,37
69.5482,31
69.5635,44
69.5788,42
69.5941,38
69.6095,44
69.6248,43
69.6401,42
69.6555,42
69.6708,29
69.6861,40
69.7015,45
69.7168,26
69.7321,46
69.7475,31
69.7628,39
69.7781,35
69.7935,40
69.8088,27
69.8241,36
69.8395,35
69.8548,39
69.8701,41
69.8855,41
69.9008,30
69.9161,35
69.9315,36
69.9468,46
69.9621,40
69.9775,31
69.9928,34
70.0081,33
70.0234,46
70.0388,37
70.0541,43
70.0694,32
70.0848,43
70.1001,39
70.1154,35
70.1308,28
70.1461,38
70.1614,32
70.1768,31
70.1921,32
70.2074,44
70.2228,25
70.2381,40
70.2534,43
70.2688,26
70.2841,46
70.2994,40
70.3148,46
70.3301,41
70.3454,41
70.3608,45
70.3761,42
70.3914,52
70.4067,45
70.4221,37
70.4374,46
70.4527,46
70.4681,55
70.4834,40
70.4987,49
70.5141,58
70.5294,45
70.5447,44
70.5601,50
70.5754,50
70.5907,64
70.6061,47
70.6214,41
70.6367,51
70.6521,45
70.6674,51
70.6827,38
70.6981,41
70.7134,48
70.7287,46
70.7441,45
70.7594,58
70.7747,50
70.7901,59
70.8054,79
70.8207,69
70.836,82
70.8514,87
70.8667,59
70.882,68
70.8974,68
70.9127,52
70.928,69
70.9434,71
70.9587,75
70.974,98
70.9894,97
71.0047,92
71.02,100
71.0354,91
71.0507,90
71.066,71
71.0814,74
71.0967,78
71.112,72
71.1274,93
71.1427,129
71.158,124
71.1734,147
71.1887,160
71.204,172
71.2193,170
71.2347,119
71.25,106
71.2653,72
71.2807,72
71.296,57
71.3113,58
71.3267,71
71.342,76
71.3573,94
71.3727,88
71.388,94
71.4033,98
71.4187,92
71.434,96
71.4493,63
71.4647,51
71.48,51
71.4953,51
71.5107,39
71.526,49
71.5413,35
71.5567,41
71.572,38
71.5873,37
71.6027,40
71.618,42
71.6333,33
71.6486,27
71.664,42
71.6793,41
71.6946,36
71.71,57
71.7253,30
71.7406,62
71.756,51
71.7713,70
71.7866,66
71.802,82
71.8173,77
71.8326,58
71.848,38
71.8633,43
71.8786,45
71.894,48
71.9093,47
71.9246,42
71.94,50
71.9553,46
71.9706,49
71.986,56
72.0013,58
72.0166,54
72.0319,52
72.0473,52
72.0626,52
72.0779,35
72.0933,41
72.1086,37
72.1239,35
72.1393,27
72.1546,40
72.1699,37
72.1853,50
72.2006,49
72.2159,37
72.2313,37
72.2466,47
72.2619,33
72.2773,36
72.2926,38
72.3079,36
72.3233,39
72.3386,45
72.3539,46
72.3693,36
72.3846,30
72.3999,40
72.4153,42
72.4306,28
72.4459,28
72.4612,32
72.4766,32
72.4919,37
72.5072,46
72.5226,46
72.5379,37
72.5532,45
72.5686,50
72.5839,33
72.5992,36
72.6146,51
72.6299,44
72.6452,39
72.6606,54
72.6759,40
72.6912,51
72.7066,76
72.7219,78
72.7372,97
72.7526,134
72.7679,100
72.7832,123
72.7986,108
72.8139,112
72.8292,82
72.8445,88
72.8599,73
72.8752,75
72.8905,70
72.9059,103
72.9212,95
72.9365,136
72.9519,187
72.9672,167
72.9825,145
72.9979,114
73.0132,93
73.0285,80
73.0439,81
73.0592,82
73.0745,79
73.0899,67
73.1052,60
73.1205,57
73.1359,76
73.1512,71
73.1665,99
73.1819,70
73.1972,54
73.2125,66
73.2279,67
73.2432,39
73.2585,46
73.2738,42
73.2892,33
73.3045,37
73.3198,31
73.3352,46
73.3505,45
73.3658,40
73.3812,33
73.3965,32
73.4118,36
73.4272,36
73.4425,45
73.4578,41
73.4732,35
73.4885,49
73.5038,32
73.5192,45
73.5345,39
73.5498,53
73.5652,32
73.5805,40
73.5958,42
73.6112,41
73.6265,35
73.6418,36
73.6571,45
73.6725,36
73.6878,32
73.7031,44
73.7185,44
73.7338,29
73.7491,45
73.7645,28
73.7798,28
73.7951,40
73.8105,27
73.8258,31
73.8411,47
73.8565,33
73.8718,30
73.8871,26
73.9025,42
73.9178,44
73.9331,32
73.9485,39
73.9638,36
73.9791,36
73.9945,28
74.0098,32
74.0251,46
74.0405,43
74.0558,33
74.0711,30
74.0864,37
74.1018,31
74.1171,36
74.1324,36
74.1478,38
74.1631,42
74.1784,22
74.1938,38
74.2091,25
74.2244,39
74.2398,30
74.2551,35
74.2704,20
74.2858,40
74.3011,30
74.3164,27
74.3318,23
74.3471,28
74.3624,28
74.3778,32
74.3931,29
74.4084,24
74.4238,32
74.4391,32
74.4544,24
74.4698,24
74.4851,34
74.5004,29
74.5157,24
74.5311,30
74.5464,32
74.5617,35
74.5771,54
74.5924,39
74.6077,37
74.6231,37
74.6384,39
74.6537,32
74.6691,25
74.6844,34
74.6997,28
74.7151,27
74.7304,25
74.7457,34
74.7611,42
74.7764,40
74.7917,41
74.8071,41
74.8224,35
74.8377,32
74.8531,30
74.8684,38
74.8837,40
74.899,43
74.9144,39
74.9297,36
74.945,38
